{
  "faviePokemon": [
    {
      "id": 1,
      "name": "decidueye",
      "url": null,
      "types": null,
      "weight": null,
      "height": null,
      "base_experience": null
    },
    {
      "id": 2,
      "name": "marowak-alola",
      "url": null,
      "types": null,
      "weight": null,
      "height": null,
      "base_experience": null
    },
    {
      "id": 3,
      "name": "palossand",
      "url": null,
      "types": null,
      "weight": null,
      "height": null,
      "base_experience": null
    },
    {
      "id": 4,
      "name": "cofagrigus",
      "url": null,
      "types": null,
      "weight": null,
      "height": null,
      "base_experience": null
    },
    {
      "id": 5,
      "name": "giratina-origin",
      "url": null,
      "types": null,
      "weight": null,
      "height": null,
      "base_experience": null
    }
  ]
}